ref	refsize	algo	operation	readname	memory	len	read	spell	cost	start	strand	pushed	popped	repeat_rate	t(map)	t(astar)	unique_best	explored_states	crumbs
./input_data/TEST/ebola/GRAPH/a_ebola_0M.gfa	43248	astar-seeds	   align	101_516_1013_2:0:0_3:0:0_0/1	0.000000	100	GGTCTGCATGTACTTGAATTTGCCTTTGAACCTTCTCAAGGCCAGCCTTTTCTGCTACTACCAATTTCGGAAGGAATAGACTTGCAAAGGAGAGGAACTG	GgTCTGCATGTACTTGAATTTGCCTTTGAACCTTCTCAAGGCcAGCCTTTTCTgCTACTACCAATTTCGGAAGGAATAGACTTGCAAAGGAGAGGAACTG	3	 11576	-	1.840000	0.290000	0.000000	0.000498	0.000081	1	275	0
./input_data/TEST/ebola/GRAPH/a_ebola_0M.gfa	43248	astar-seeds	   align	101_1085_1603_2:0:0_2:0:0_1/1	0.000000	100	ACAAATTTTTTGATCAAATTTCTTCTAATACACCAAGGGATGCACATGGTTGCCGGACATTATGCCAACGATGCTGTGATTACAAATTCAGTGGCTCAAG	ACAAATTTTTTGATCAAATTTCTTCTAATACACCAAGGGATGCACATGGTTGCCGGACATtATGCCAACGATGCTGTGATTaCAAATTCAGTGGCTCAAG	2	 11747	+	1.110000	0.130000	0.000000	0.000402	0.000049	1	201	0
./input_data/TEST/ebola/GRAPH/a_ebola_0M.gfa	43248	astar-seeds	   align	101_170_605_1:0:0_3:0:0_2/1	0.000000	100	CCTAGGTCTCCGGAGGGGGCAAGGGCATCAGTGTGCTCAGTTGAAAATCCCTTGTCAACATCTAGGCCTTAACACATCACAAGTTCCGCCTTAAACTCTG	CCTAGGTCTCCGGAGGGGGCAAGGGCATCAGTGTGCTCAGTTGAAAATCCCTTGTCAACATCTAGGCCTTAaCACATCACAAGTTCCGCCTTAAACTCTG	1	 10832	+	0.780000	0.120000	0.000000	0.000410	0.000032	1	169	0
./input_data/TEST/ebola/GRAPH/a_ebola_0M.gfa	43248	astar-seeds	   align	101_2367_2933_1:0:0_2:0:0_3/1	0.000000	100	GGCTAAGATATTGAGTTACCATTATGGCTATAACTTTTGCTTAACGCTTATTTGCATTAAGACTCAAATTGAACTTTGAAAAACGGCTAGTAATAATAAG	GGCTAAGATATTGAGTTACCATTATGGCTATAACTtTtGCTTAACGCTTATTTGCATTAAGACTCAAATTGAACTTTGAAAAACGGCTAGTAATAATAAG	2	 13496	-	3.300000	0.630000	0.000000	0.000820	0.000155	1	422	0
./input_data/TEST/ebola/GRAPH/a_ebola_0M.gfa	43248	astar-seeds	   align	101_348_777_3:0:0_1:0:0_4/1	0.000000	100	GAATTAACTTTGATTTTGAACCTGCACACCCAGAGGACTGGAGACTCAACAACCCTAAAGCCTGGGGTAAAACATTAGAAATAGATTAAAGACAAAATGC	GAATTAACTTTGATTTTGAACCTGcACACCCAGAGGACTGGAGACTCAACAACCCTAAAGCCTGGGGTAAAACATTAGAAATAGaTTAAAGACAAAaTGC	3	 11010	+	0.880000	0.140000	0.000000	0.000342	0.000039	1	178	0
./input_data/TEST/ebola/GRAPH/a_ebola_0M.gfa	43248	astar-seeds	   align	101_1318_1763_1:0:0_1:0:0_5/1	0.000000	100	ACTCAGCTCCCTGGCCAAGCATGGAGAGTATGCTCCTATCGCCCGACTTTTGAACCTTTCTGGAGTAAATAATCTTGAGCATGGTCTTTTCCCTCAACTG	ACTCAGCTCCCTGGCCAAGCATGGAGAGTATGCTCCTaTCGCCCGACTTTTGAACCTTTCTGGAGTAAATAATCTTGAGCATGGTCTTTTCCCTCAACTG	1	 11980	+	0.960000	0.120000	0.000000	0.000475	0.000045	1	188	0
./input_data/TEST/ebola/GRAPH/a_ebola_0M.gfa	43248	astar-seeds	   align	101_269_775_1:0:0_1:0:0_6/1	0.000000	100	GTGCCCTACCAAATACTTGACTGCGCCACTTTCCAAGAAAAGTTTGTAATCTCCTTGGTACGCATGATGAAGACAAAGCATGAGAAGGAAACTGTCCGCA	GTGCCCTaCCAAATACTTGACTGCGCCACTTTCCAAGAAAAGTTTGTAATCTCCTTGGTACGCATGATGAAGACAAAGCATGAGAAGGAAACTGTCCGCA	1	 11338	-	2.170000	0.390000	0.000000	0.000616	0.000099	1	308	0
./input_data/TEST/ebola/GRAPH/a_ebola_0M.gfa	43248	astar-seeds	   align	101_906_1482_0:0:0_1:0:0_7/1	0.000000	100	TCTCCAACATTTACTCCTGCGAGGGTGCTCGCGTGGGCTGTGGCGACTCCGAGTGCAATTGCCGACAGTTGAGGGAAAAGACCATGCTCAAGATTATTTA	TCTCCAACATTTACTCCTGCGAGGGTGCTCgCGTGGGCTGTGGCGACTCCGAGTGCAATTGCCGACAGTTGAGGGAAAAGACCATGCTCAAGATTATTTA	1	 12045	-	0.940000	0.120000	0.000000	0.000452	0.000042	1	186	0
./input_data/TEST/ebola/GRAPH/a_ebola_0M.gfa	43248	astar-seeds	   align	101_1498_1956_5:0:0_1:0:0_8/1	0.000000	100	CCGAGAGGCATCCACTGAGGGTGAGAAGCAACTCCAACAATATGCGGAGTCTCGTGACCTTGACCATCTTGGACTTGAAGATCAGGAAAAGAAAATTCTT	CcGAGAGGCAtCCACTGAGGgTGAGAAGCAACTCCAACAATATGCGGAGTCTCGTGAcCTTGACCATCTTGGACTTGAaGATCAGGAAAAGAAAATTCTT	5	 12160	+	2.670000	0.410000	0.000000	0.000504	0.000123	1	355	0
./input_data/TEST/ebola/GRAPH/a_ebola_0M.gfa	43248	astar-seeds	   align	101_72_484_4:1:0_3:0:0_9/1	0.000000	100	TTTCCTCTCATTGCAATTTATATGGGAATTTAAATTTAGATTGTTACTGTAATCATACCTGGTTTGTTTCAGAGCCATATCACCAAGATAGAGAAGAACC	TTTCCTCTCATTGcAATTTATATgGGAATTTAAATTtAgATTGTTACTGTAATCATACCTGGTTTGTTTCAGAGCCATATCACCAAGATAGAGAAgAACC	5	 10734	+	6.840000	1.270000	0.000000	0.001079	0.000299	1	778	0
